-- phpMyAdmin SQL Dump
-- version 4.9.1
-- https://www.phpmyadmin.net/
--
-- Host: localhost
-- Generation Time: Sep 06, 2022 at 08:05 AM
-- Server version: 8.0.17
-- PHP Version: 7.3.10

SET SQL_MODE = "NO_AUTO_VALUE_ON_ZERO";
SET AUTOCOMMIT = 0;
START TRANSACTION;
SET time_zone = "+00:00";


/*!40101 SET @OLD_CHARACTER_SET_CLIENT=@@CHARACTER_SET_CLIENT */;
/*!40101 SET @OLD_CHARACTER_SET_RESULTS=@@CHARACTER_SET_RESULTS */;
/*!40101 SET @OLD_COLLATION_CONNECTION=@@COLLATION_CONNECTION */;
/*!40101 SET NAMES utf8mb4 */;

--
-- Database: `research`
--

-- --------------------------------------------------------

--
-- Table structure for table `announce`
--

CREATE TABLE `announce` (
  `Announce_id` int(5) NOT NULL,
  `Personnel_id` int(5) NOT NULL,
  `Aname` varchar(50) CHARACTER SET utf8 COLLATE utf8_unicode_ci NOT NULL,
  `Detail` text CHARACTER SET utf8 COLLATE utf8_unicode_ci NOT NULL,
  `ADay` date NOT NULL
) ENGINE=InnoDB DEFAULT CHARSET=utf8 COLLATE=utf8_unicode_ci;

-- --------------------------------------------------------

--
-- Table structure for table `degree`
--

CREATE TABLE `degree` (
  `degree_id` int(11) NOT NULL,
  `MainAgency_id` int(11) NOT NULL,
  `degreename` varchar(50) CHARACTER SET utf8 COLLATE utf8_unicode_ci NOT NULL
) ENGINE=InnoDB DEFAULT CHARSET=utf8 COLLATE=utf8_unicode_ci;

--
-- Dumping data for table `degree`
--

INSERT INTO `degree` (`degree_id`, `MainAgency_id`, `degreename`) VALUES
(1, 1, 'ระดับปริญญาตรี'),
(2, 1, 'ระดับบัณฑิตศึกษา'),
(3, 4, 'ระดับปริญญาตรี'),
(4, 4, 'ระดับบัณฑิตศึกษา'),
(5, 2, 'ระดับปริญญาตรี'),
(6, 3, 'ระดับปริญญาตรี'),
(7, 3, 'ระดับบัณฑิตศึกษา'),
(8, 2, 'ระดับบัณฑิตศึกษา');

-- --------------------------------------------------------

--
-- Table structure for table `doresearch`
--

CREATE TABLE `doresearch` (
  `DoResearch_id` int(5) NOT NULL,
  `Research_id` int(5) NOT NULL,
  `Personnel_id` int(5) NOT NULL
) ENGINE=InnoDB DEFAULT CHARSET=utf8 COLLATE=utf8_unicode_ci;

--
-- Dumping data for table `doresearch`
--

INSERT INTO `doresearch` (`DoResearch_id`, `Research_id`, `Personnel_id`) VALUES
(1, 1, 16),
(2, 2, 17),
(3, 3, 18),
(4, 4, 19),
(5, 5, 20),
(6, 6, 16),
(7, 7, 21),
(8, 8, 19),
(9, 9, 22),
(10, 10, 16),
(11, 11, 23),
(12, 12, 19),
(13, 13, 19),
(14, 14, 23),
(15, 15, 24),
(16, 16, 19),
(17, 17, 25),
(18, 18, 22),
(19, 19, 23),
(20, 20, 20),
(21, 21, 19),
(22, 22, 9),
(23, 23, 10),
(24, 24, 11),
(25, 25, 9),
(26, 26, 26),
(27, 27, 27),
(28, 28, 28),
(29, 29, 29),
(30, 30, 28),
(31, 31, 11),
(32, 32, 29),
(33, 33, 10),
(34, 34, 30),
(35, 35, 31),
(36, 36, 29),
(37, 37, 32),
(38, 38, 33),
(39, 39, 34),
(40, 40, 28),
(41, 41, 35),
(42, 42, 36),
(43, 43, 37),
(44, 44, 38),
(45, 45, 12),
(46, 46, 13),
(47, 47, 39),
(48, 48, 40),
(49, 49, 41),
(50, 50, 42),
(51, 51, 43),
(52, 52, 50),
(53, 53, 51),
(54, 54, 43),
(55, 55, 45),
(56, 56, 46),
(57, 57, 47),
(58, 58, 48),
(59, 59, 49),
(60, 60, 52),
(61, 61, 53),
(62, 62, 54),
(63, 63, 54),
(64, 64, 14),
(65, 65, 55),
(66, 66, 58),
(67, 67, 57),
(68, 68, 56),
(69, 69, 57),
(70, 70, 59),
(71, 71, 60),
(72, 72, 57),
(73, 73, 59),
(74, 74, 57),
(75, 75, 59),
(76, 76, 61),
(77, 77, 62),
(78, 78, 61),
(79, 79, 60),
(80, 80, 63),
(81, 81, 59),
(82, 82, 64),
(83, 83, 14),
(84, 84, 58);

-- --------------------------------------------------------

--
-- Table structure for table `fundtype`
--

CREATE TABLE `fundtype` (
  `FundType_id` int(5) NOT NULL,
  `NameFT` varchar(50) CHARACTER SET utf8 COLLATE utf8_unicode_ci NOT NULL
) ENGINE=InnoDB DEFAULT CHARSET=utf8 COLLATE=utf8_unicode_ci;

--
-- Dumping data for table `fundtype`
--

INSERT INTO `fundtype` (`FundType_id`, `NameFT`) VALUES
(1, 'ทุนภายใน'),
(2, 'ทุนภายนอก');

-- --------------------------------------------------------

--
-- Table structure for table `grouptype`
--

CREATE TABLE `grouptype` (
  `grouptype_id` int(5) NOT NULL,
  `Releasetype_id` int(5) NOT NULL,
  `groupname` varchar(50) CHARACTER SET utf8 COLLATE utf8_unicode_ci NOT NULL
) ENGINE=InnoDB DEFAULT CHARSET=utf8 COLLATE=utf8_unicode_ci;

--
-- Dumping data for table `grouptype`
--

INSERT INTO `grouptype` (`grouptype_id`, `Releasetype_id`, `groupname`) VALUES
(101, 1, 'Proceedings ระดับชาติ'),
(102, 1, 'Proceedings ระดับนานาชาติ'),
(201, 2, 'อื่นๆ'),
(202, 2, 'TCI 1'),
(203, 2, 'TCI 2'),
(204, 2, 'TCI 3'),
(205, 2, 'TCI 4'),
(301, 3, 'อื่นๆ'),
(302, 3, 'Scopus (Q1)'),
(303, 3, 'Scopus (Q2)'),
(304, 3, 'Scopus (Q3)'),
(305, 3, 'Scopus (Q4)'),
(306, 3, 'ISI');

-- --------------------------------------------------------

--
-- Table structure for table `logins`
--

CREATE TABLE `logins` (
  `login_id` int(5) NOT NULL,
  `namelogin` varchar(50) CHARACTER SET utf8 COLLATE utf8_unicode_ci NOT NULL
) ENGINE=InnoDB DEFAULT CHARSET=utf8 COLLATE=utf8_unicode_ci;

--
-- Dumping data for table `logins`
--

INSERT INTO `logins` (`login_id`, `namelogin`) VALUES
(1, 'อาจารย์'),
(2, 'เจ้าหน้าที'),
(3, 'อธิการบดี'),
(4, 'รองอธิการบดี'),
(5, 'ผู้ช่วยอธิการบดี'),
(6, 'คณบดีคณะ');

-- --------------------------------------------------------

--
-- Table structure for table `mainagency`
--

CREATE TABLE `mainagency` (
  `MainAgency_id` int(5) NOT NULL,
  `NameMa` varchar(50) CHARACTER SET utf8 COLLATE utf8_unicode_ci NOT NULL,
  `NameMaSh` varchar(10) CHARACTER SET utf8 COLLATE utf8_unicode_ci NOT NULL
) ENGINE=InnoDB DEFAULT CHARSET=utf8 COLLATE=utf8_unicode_ci;

--
-- Dumping data for table `mainagency`
--

INSERT INTO `mainagency` (`MainAgency_id`, `NameMa`, `NameMaSh`) VALUES
(1, 'คณะครุศาสตร์', 'คคส.'),
(2, 'คณะมนุษยศาสตร์และสังคมศาสตร์', 'คมส.'),
(3, 'คณะวิทยาศาสตร์และเทคโนโลยี', 'ควท.'),
(4, 'คณะวิทยาการจัดการ', 'ควจ.'),
(5, 'สำนักวิทยบริการและเทคโนโลยีสารทนเทศ', 'IT'),
(6, 'สถาบันและพัฒนา', ''),
(7, 'สถาบันอยุธยาศึกษา', 'สอศ.');

-- --------------------------------------------------------

--
-- Table structure for table `paper`
--

CREATE TABLE `paper` (
  `paper_id` int(5) NOT NULL,
  `Research_id` int(5) NOT NULL,
  `namepaper` varchar(100) CHARACTER SET utf8 COLLATE utf8_unicode_ci NOT NULL,
  `name1` varchar(50) CHARACTER SET utf8 COLLATE utf8_unicode_ci NOT NULL,
  `name2` varchar(50) CHARACTER SET utf8 COLLATE utf8_unicode_ci NOT NULL,
  `name3` varchar(50) CHARACTER SET utf8 COLLATE utf8_unicode_ci NOT NULL,
  `name4` varchar(50) CHARACTER SET utf8 COLLATE utf8_unicode_ci NOT NULL,
  `name5` varchar(50) CHARACTER SET utf8 COLLATE utf8_unicode_ci NOT NULL,
  `yearpublication_id` int(5) NOT NULL,
  `pagenumber` varchar(10) CHARACTER SET utf8 COLLATE utf8_unicode_ci NOT NULL,
  `filepdf` varchar(100) CHARACTER SET utf8 COLLATE utf8_unicode_ci NOT NULL
) ENGINE=InnoDB DEFAULT CHARSET=utf8 COLLATE=utf8_unicode_ci;

--
-- Dumping data for table `paper`
--

INSERT INTO `paper` (`paper_id`, `Research_id`, `namepaper`, `name1`, `name2`, `name3`, `name4`, `name5`, `yearpublication_id`, `pagenumber`, `filepdf`) VALUES
(1, 2, 'การพัฒนารูปแบบการออกกำลังกายที่มีความสอดคล้องกับวิถีชีวิตสุขภาพของชุมชนสำหรับผู้สูงอายุในจังหวัดพระน', 'ประวิทย์ ประมาณ', '-', '-', '-', '-', 4, '1-10', '240989-Article Text-832521-2-10-20200429 (1).pdf'),
(2, 4, 'การวิจัยและพัฒนาโรงเรียนเครือข่ายการฝึกประสบการณ์วิชาชีพครูให้เป็นโรงเรียนร่วมพัฒนาวิชาชีพครู โดยใช้', 'วัชรภัทร เตชะวัฒนศิริดำรง', '-', '-', '-', '-', 2, '1-11', '240989-Article Text-832521-2-10-20200429.pdf'),
(3, 8, 'รูปแบบการจัดการเรียนรู้ไทยแลนด์ 4.0 ของสถานศึกษาในเขตพัฒนาเศรษฐกิจพิเศษ', 'วัชรภัทร เตชะวัฒนศิริดำรง', '-', '-', '-', '-', 2, '10-18', 'แบบฝึกปฎิบัติ.pdf'),
(4, 48, 'การวิจัยปฏิบัติการเพื่อสนับสนุนการขับเคลื่อนเศรษฐกิจพอเพียงในเขตพื้นที่ปกครองขององค์การบริหารส่วนตำบ', 'อัจฉรา หล่อตระกูล', '-', '-', '-', '-', 3, '11-20', 'สืบค้นข้อมูลGoogle.pdf'),
(5, 50, 'แนวทางการพัฒนาพื้นที่ท่องเที่ยวในอำเภอพระนครศรีอยุธยาเพื่อให้สอดคล้องกับความต้องการของนักท่องเที่ยวช', 'นภัสนันท์ ทองอินทร์', '-', '-', '-', '-', 3, '11-18', 'ฝึกปฏิบัติเขียนบรรณานุกรมวารสาร.pdf'),
(6, 60, 'การเปรียบเทียบความหลากหลายของจุลินทรีย์ที่แยกจากโบราณสถานในวัดใหญ่ชัยมงคลจังหวัดพระนครศรีอยุธยา', 'สุจิตกัลยา มฤครัฐอินแปลง', '-', '-', '-', '-', 5, '11-18', '240989-Article Text-832521-2-10-20200429.pdf'),
(7, 61, 'การเปรียบเทียบปัจจัยความสัมพันธ์เชิงสาเหตุของความเครียดในการทำงานระหว่างกลุ่มแรงงานไทยข้ามถิ่นที่มีแ', 'ชลธิชา แก้วอนุชิต', '-', '-', '-', '-', 4, '11-10', 'ฝึกปฏิบัติเขียนบรรณานุกรมวารสาร.pdf'),
(8, 64, 'การใช้ประโยชน์จากข้าวมีสีของไทยในการพัฒนาผลิตภัณฑ์อาหารจากปลาส้ม', 'พิทยา ใจคำ', '-', '-', '-', '-', 4, '10-11', 'ฝึกปฏิบัติเขียนบรรณานุกรมวารสาร.pdf');

-- --------------------------------------------------------

--
-- Table structure for table `personnel`
--

CREATE TABLE `personnel` (
  `Personnel_id` int(5) NOT NULL,
  `PersonType_id` int(5) NOT NULL,
  `SubDivision_id` int(5) NOT NULL,
  `Person_id` varchar(13) CHARACTER SET utf8 COLLATE utf8_unicode_ci NOT NULL,
  `degree_id` int(5) NOT NULL,
  `Pname` varchar(50) CHARACTER SET utf8 COLLATE utf8_unicode_ci NOT NULL,
  `Lname` varchar(50) CHARACTER SET utf8 COLLATE utf8_unicode_ci NOT NULL,
  `Position_id` int(5) NOT NULL,
  `Username` varchar(12) CHARACTER SET utf8 COLLATE utf8_unicode_ci NOT NULL,
  `Password` varchar(12) CHARACTER SET utf8 COLLATE utf8_unicode_ci NOT NULL,
  `login_id` int(5) NOT NULL
) ENGINE=InnoDB DEFAULT CHARSET=utf8 COLLATE=utf8_unicode_ci;

--
-- Dumping data for table `personnel`
--

INSERT INTO `personnel` (`Personnel_id`, `PersonType_id`, `SubDivision_id`, `Person_id`, `degree_id`, `Pname`, `Lname`, `Position_id`, `Username`, `Password`, `login_id`) VALUES
(1, 1, 302, '1150600140731', 6, 'วีรภัทร', 'ปานพิพัฒน์', 4, 'porchai', 'porchai', 2),
(2, 1, 211, '1156577794654', 5, 'สิทธา', 'สุขจิต', 4, 'tai1', 'tai1', 3),
(3, 1, 302, '1234567891111', 6, 'อยุธยา', 'เมืองงาม', 3, 'ayutthya', 'ayutthya', 1),
(4, 1, 306, '7896541236159', 6, 'สายไฟฟ้า', 'ปลั๊กสามตา', 5, 'tree', 'tree', 6),
(5, 1, 302, '1248972103648', 6, 'วันดี', 'งานดี', 3, 'wande', 'wande', 1),
(6, 1, 202, '1234063786125', 5, 'สุดารัตน์', 'สมเตย', 1, 'bow', 'bow', 6),
(7, 1, 209, '1786351879410', 5, 'razar', 'fantech', 1, 'razar', 'razar', 2),
(8, 1, 104, '3', 1, 'ภูษณิศา', 'สุวรรณศิลป์', 5, 'phusanisa', 'phusanisa', 1),
(9, 1, 202, '33', 5, 'จริยาภรณ์', 'รุจิโมระ', 5, 'chariyaphon', 'chariyaphon', 1),
(10, 1, 202, '333', 5, 'ธัญญารัตน์', 'มะลาศรี', 5, 'thanyarat', 'thanyarat', 1),
(11, 1, 201, '333', 5, 'นภัสนันท์', 'จุนนเกษ', 5, 'naphatsanan', 'naphatsanan', 1),
(12, 1, 401, '333', 4, 'สุวรรณา', 'สิทธนาวิวัฒน์', 5, 'suwanna', 'suwanna', 1),
(13, 1, 404, '333', 4, 'ภาวินีย์', 'ธนาอนวัช', 5, 'phawini', 'phawini', 1),
(14, 1, 301, '3333', 6, 'พิทยา', 'ใจคำ', 5, 'phitthaya', 'phitthaya', 1),
(15, 1, 314, '3333', 6, 'จินดาวรรณ', 'ธรรมปรีชา', 5, 'chindawan', 'chindawan', 1),
(16, 1, 110, '333', 1, 'สุวิทย์', 'ไวยกุล', 1, 'suwit', 'suwit', 1),
(17, 1, 104, '', 1, 'ประวิทย์', 'ประมาณ', 5, 'prawit', 'prawit', 1),
(18, 1, 108, '11', 1, 'บริบูรณ์', ' ชอบทำดี', 1, 'Boribun', 'Boribun', 1),
(19, 1, 108, '111111', 1, ' วัชรภัทร ', 'เตชะวัฒนศิริดำรง', 1, 'Watcharaphat', 'Watcharaphat', 1),
(20, 1, 110, '1111', 1, ' ศักดา', 'จันทราศรี', 1, 'Sakda', 'Sakda', 1),
(21, 1, 104, '11111111', 1, 'สิอร', 'หาสาสน์ศรี', 1, 'Sion', 'Sion', 1),
(22, 1, 108, '11111111111', 1, 'อมรรัตน์', 'สนั่นเสียง', 5, 'Amonrat', 'Amonrat', 1),
(23, 1, 210, '111111111111', 5, ' ศิริพล', 'แสนบุญส่ง', 5, 'Siriphon', 'Siriphon', 1),
(24, 1, 110, '11111333', 1, 'หนึ่งฤทัย', 'ชวนะลิขิกร', 5, 'Nuengruethai', 'Nuengruethai', 1),
(25, 1, 110, '1111132', 1, 'เนตรนิภา', 'เจียมศักดิ์', 5, 'Netnipha', 'Netnipha', 1),
(26, 1, 203, '1111111', 5, 'ปกาศิต', 'เจิมรอด', 5, 'Pakasit', 'Pakasit', 1),
(27, 1, 216, '1321354165', 5, 'สุกัลยา', 'คงประดิษฐ์', 1, 'Sukanlaya', 'Sukanlaya', 1),
(28, 1, 201, '1111111111115', 5, 'กมลวรรณ', ' วรรณธนัง', 1, 'Kamonwan', 'Kamonwan', 1),
(29, 1, 201, '132131321', 5, ' เพชรรุ่ง', 'เทียนปิ๋วโรจน์', 5, 'Phetrung', 'Phetrung', 1),
(30, 1, 201, '11111111111', 5, 'วิชชุกร', 'นาคธน', 5, 'Witchukon', 'Witchukon', 1),
(31, 1, 203, '321321321321', 5, 'ศุภกาณฑ์', 'นานรัมย์', 5, 'Supphakan', 'Supphakan', 1),
(32, 1, 216, '1321321321321', 5, 'ปานหทัย', 'วัชรีวงศ์ ณ อยุธยา', 1, 'Panhathai', 'Panhathai', 1),
(33, 1, 203, '1515151515', 5, 'อดิศร', 'ภู่สาระ', 5, 'Adison', 'Adison', 1),
(34, 1, 204, '16516216215', 5, 'ปฐมบุตร', 'แก้วสมนึก', 1, 'Pathombut', 'Pathombut', 1),
(35, 1, 210, '123564654', 5, 'อรอนางค์', 'นวลเจริญ', 1, 'Aronang', 'Aronang', 1),
(36, 1, 208, '156132132132', 5, 'ภูวมินทร์', 'วาดเขียน', 1, 'Phuwamin', 'Phuwamin', 1),
(37, 1, 211, '151515566', 5, 'วรรณรัตณ์', 'มหาธาราทอง', 1, 'Wanrat', 'Wanrat', 1),
(38, 1, 210, '19494163213', 5, 'นราธิป', 'ปิติธนบดี', 5, 'Narathip', 'Narathip', 1),
(39, 1, 414, '112313213212', 4, 'ชเนตตี', 'จาตุรนต์รัศมี', 5, 'Chanetti', 'Chanetti', 1),
(40, 1, 401, '12121212125', 4, 'อัจฉรา', 'หล่อตระกูล', 5, 'Atchara', 'Atchara', 1),
(41, 1, 411, '12313213212', 4, 'พิเชษฐ', 'เนตรสว่าง', 5, 'Phichet', 'Phichet', 1),
(42, 1, 405, '1231321515', 4, 'นภัสนันท์ ', 'ทองอินทร์', 5, 'Naphatsanans', 'Naphatsanans', 1),
(43, 1, 407, '15151515', 4, 'ภัทราพร', 'จันตะนี', 5, 'hatthraporn', 'hatthraporn', 1),
(44, 1, 404, '15151515151', 4, 'กันยารัตน์', 'คงพร', 5, 'Kanyarat', 'Kanyarat', 1),
(45, 1, 403, '1321321211', 4, 'ทรรศิกา', 'ธานีนพวงศ์', 5, 'Thansika', 'Thansika', 1),
(46, 1, 405, '1231321321', 4, 'ญาณิศา', 'เผื่อนเพาะ', 1, 'Yanisa', 'Yanisa', 1),
(47, 1, 401, '6546546541', 4, 'สุภลัคน์', 'จงรักษ์', 1, 'Suphalak', 'Suphalak', 1),
(48, 1, 414, '123155151221', 4, 'อมรา', 'ดอกไม้', 1, 'Amara', 'Amara', 1),
(49, 1, 403, '78963213215', 4, 'นฤมล', 'ญาณสมบัติ', 5, 'Naruemon', 'Naruemon', 1),
(50, 1, 405, '1512121566', 4, 'อรกช', 'เก็จพิรุฬห์', 5, 'Onkot', 'Onkot', 1),
(51, 1, 408, '121215613213', 4, 'สุมนา', 'พูลผล', 5, 'Sumna', 'Sumna', 1),
(52, 1, 306, '121321321', 6, 'สุจิตกัลยา', 'มฤครัฐอินแปลง', 5, 'Suchitkanlay', 'Suchitkanlay', 1),
(53, 1, 314, '11697465461', 6, 'ชลธิชา', 'แก้วอนุชิต', 5, 'Chonthicha', 'Chonthicha', 1),
(54, 1, 305, '132132132132', 6, ' ศิริรัตน์', 'ศิริพรวิศาล', 5, 'Sirirat', 'Sirirat', 1),
(55, 1, 311, '1321321321', 6, 'พิชิต', 'โชดก', 5, 'Phichit', 'Phichit', 1),
(56, 1, 302, '16516516511', 6, 'กันยาลักษณ์', 'โพธิ์ดง', 4, 'Kanyalak', 'Kanyalak', 1),
(57, 1, 314, '123132111', 6, 'วัชราภรณ์', 'ตันติพนาทิพย์', 1, 'Watcharaphon', 'Watcharaphon', 1),
(58, 1, 312, '1511132131', 6, 'เลิศชาย', 'สถิตย์พนาวงศ์', 5, 'Loetchai', 'Loetchai', 1),
(59, 1, 314, '121321321', 6, 'สายชล', 'สุขญาณกิจ', 5, 'Saichon', 'Saichon', 1),
(60, 1, 315, '1321321321321', 6, 'จรัสสินี', 'สุวีรานนท์', 1, 'Charatsini', 'Charatsini', 1),
(61, 1, 305, '1321321321', 6, 'ปิยธิดา', 'สุดเสนาะ', 5, 'Piyathida', 'Piyathida', 1),
(62, 1, 314, '2321321321321', 6, 'สุภาวิณี', 'แสนทวีสุข', 5, 'Suphawini', 'Suphawini', 1),
(63, 1, 305, '2132132111', 6, 'เพ็ญนภา', 'ภู่กันงาม', 5, 'Phennapha', 'Phennapha', 1),
(64, 1, 301, '1321321111112', 6, 'ณัฐวุฒิ', 'จั่นทอง', 1, 'Natthawut', 'Natthawut', 1);

-- --------------------------------------------------------

--
-- Table structure for table `personneltype`
--

CREATE TABLE `personneltype` (
  `PersonType_id` int(11) NOT NULL,
  `NamePT` varchar(50) CHARACTER SET utf8 COLLATE utf8_unicode_ci NOT NULL
) ENGINE=InnoDB DEFAULT CHARSET=utf8 COLLATE=utf8_unicode_ci;

--
-- Dumping data for table `personneltype`
--

INSERT INTO `personneltype` (`PersonType_id`, `NamePT`) VALUES
(1, 'สายวิชาการ'),
(2, 'สายสนับสนุน');

-- --------------------------------------------------------

--
-- Table structure for table `position`
--

CREATE TABLE `position` (
  `Position_id` int(5) NOT NULL,
  `Positionname` varchar(50) CHARACTER SET utf8 COLLATE utf8_unicode_ci NOT NULL
) ENGINE=InnoDB DEFAULT CHARSET=utf8 COLLATE=utf8_unicode_ci;

--
-- Dumping data for table `position`
--

INSERT INTO `position` (`Position_id`, `Positionname`) VALUES
(1, 'ศาสตราจารย์'),
(2, 'รองศาสตราจารย์'),
(3, 'ผู้ช่วยศาสตราจารย์'),
(4, 'อาจารย์ ดร.'),
(5, 'อาจารย์');

-- --------------------------------------------------------

--
-- Table structure for table `publication`
--

CREATE TABLE `publication` (
  `Publication_id` int(5) NOT NULL,
  `Publishingsource_id` int(5) NOT NULL,
  `Research_id` int(5) NOT NULL,
  `paper_id` int(5) NOT NULL
) ENGINE=InnoDB DEFAULT CHARSET=utf8 COLLATE=utf8_unicode_ci;

--
-- Dumping data for table `publication`
--

INSERT INTO `publication` (`Publication_id`, `Publishingsource_id`, `Research_id`, `paper_id`) VALUES
(1, 1, 2, 1),
(2, 2, 4, 2),
(3, 3, 8, 3),
(4, 4, 48, 4),
(5, 5, 50, 5),
(6, 6, 60, 6),
(7, 7, 61, 7),
(8, 8, 64, 8);

-- --------------------------------------------------------

--
-- Table structure for table `publishingsource`
--

CREATE TABLE `publishingsource` (
  `Publishingsource_id` int(5) NOT NULL,
  `SourceName` varchar(300) CHARACTER SET utf8 COLLATE utf8_unicode_ci NOT NULL,
  `grouptype_id` int(5) NOT NULL,
  `The_year` varchar(10) CHARACTER SET utf8 COLLATE utf8_unicode_ci NOT NULL,
  `The_times` varchar(10) CHARACTER SET utf8 COLLATE utf8_unicode_ci NOT NULL,
  `The_day` varchar(50) CHARACTER SET utf8 COLLATE utf8_unicode_ci NOT NULL,
  `No` varchar(10) CHARACTER SET utf8 COLLATE utf8_unicode_ci NOT NULL,
  `yearpublication_id` int(5) NOT NULL
) ENGINE=InnoDB DEFAULT CHARSET=utf8 COLLATE=utf8_unicode_ci;

--
-- Dumping data for table `publishingsource`
--

INSERT INTO `publishingsource` (`Publishingsource_id`, `SourceName`, `grouptype_id`, `The_year`, `The_times`, `The_day`, `No`, `yearpublication_id`) VALUES
(1, 'วารสารวิชาการ มทร.สุวรรณภูมิ (มนุษยศาสตร์และสังคมศาสตร์)', 202, '3', '1', ' กรกฎาคม - ธันวาคม', '2', 4),
(2, 'วารสารวิจัยราชภัฏกรุงเก่า', 202, '7', '1', 'พฤษภาคม-สิงหาคม', '2', 2),
(3, 'วารสาร มทร.สุวรรณภูมิ ', 202, '1', '1', 'มกราคม-มีนาคม', '1', 2),
(4, 'วารสารร่มพฤกษ์', 202, '37', '1', 'กันยายน – ธันวาคม', '3', 3),
(5, 'วารสารวิทยาการจัดการปริทรรศน์ คณะวิทยาการจัดการ มหาวิทยาลัยราชภัฏพระนครศรีอยุธยา', 203, '21', '1', 'มกราคม - มิถุนายน', '1', 3),
(6, 'วารสารวิทยาศาสตร์ มข.', 202, '45', '1', 'กรกฎาคม-กันยายน', '3', 5),
(7, 'Pertanika Journal of Social Sciences and Humanities', 302, '1', '1', 'มีนาคม', '26', 4),
(8, 'วารสารวิทยาศาสตร์บูรพา', 205, '23', '1', 'พฤษภาคม - สิงหาคม', '2', 4);

-- --------------------------------------------------------

--
-- Table structure for table `releasetype`
--

CREATE TABLE `releasetype` (
  `Releasetype_id` int(5) NOT NULL,
  `NameReleaseType` varchar(100) CHARACTER SET utf8 COLLATE utf8_unicode_ci NOT NULL
) ENGINE=InnoDB DEFAULT CHARSET=utf8 COLLATE=utf8_unicode_ci;

--
-- Dumping data for table `releasetype`
--

INSERT INTO `releasetype` (`Releasetype_id`, `NameReleaseType`) VALUES
(1, 'รายงานสืบเนื่องจากการประชุมวิชาการ'),
(2, 'วารสารระดับชาติ'),
(3, 'วารสารระดับนานาชาติ');

-- --------------------------------------------------------

--
-- Table structure for table `researches`
--

CREATE TABLE `researches` (
  `Research_id` int(5) NOT NULL,
  `SourceOfFund_id` int(5) NOT NULL,
  `ProjectR` varchar(500) CHARACTER SET utf8 COLLATE utf8_unicode_ci NOT NULL,
  `yearbudget_id` int(5) NOT NULL,
  `Budget` int(8) NOT NULL,
  `DayCon` date NOT NULL,
  `EndCon` date NOT NULL
) ENGINE=InnoDB DEFAULT CHARSET=utf8 COLLATE=utf8_unicode_ci;

--
-- Dumping data for table `researches`
--

INSERT INTO `researches` (`Research_id`, `SourceOfFund_id`, `ProjectR`, `yearbudget_id`, `Budget`, `DayCon`, `EndCon`) VALUES
(1, 1, 'การหารูปแบบการท่องเที่ยวด้วยเทคนิคเหมืองข้อมูลจากสังคมออนไลน์กรณีศึกษา จังหวัดพระนครศรีอยุธยา', 5, 423000, '2016-10-01', '2017-09-30'),
(2, 1, 'การพัฒนารูปแบบการออกกำลังกายที่มีความสอดคล้องกับวิถีชีวิตสุขภาพของชุมชนสำหรับผู้สูงอายุในจังหวัดพระนครศรีอยุธยา', 5, 275000, '2016-10-01', '2017-09-30'),
(3, 1, 'การพัฒนาระบบสอนเสริมอัจฉริยะ สำหรับนักเรียนที่เสี่ยงต่อความบกพร่องทางการเรียนรู้คณิตศาสตร์ระดับอนุบาล', 5, 450000, '2016-10-01', '2017-09-30'),
(4, 2, 'การวิจัยและพัฒนาโรงเรียนเครือข่ายการฝึกประสบการณ์วิชาชีพครูให้เป็นโรงเรียนร่วมพัฒนาวิชาชีพครู โดยใช้กระบวนการเรียนรู้ทางวิชาชีพ (PLC)คณะครุศาสตร์ มหาวิทยาลัยราชภัฏพระนครศรีอยุธยา', 5, 30000, '2017-06-02', '2018-06-01'),
(5, 3, ' การพัฒนาหุ่นยนต์นกเหยี่ยวเพื่อใช้ในการขับไล่และป้องกันนกพิราบ', 4, 289700, '2017-10-01', '2018-09-30'),
(6, 3, 'การพัฒนาโมบายแอปพลิเคชันเกมสำหรับนักเรียนอนุบาลที่เสี่ยงบกพร่องการเรียนรู้ทางด้านภาษา', 4, 325000, '2017-10-01', '2018-09-30'),
(7, 3, 'การพัฒนารูปแบบกิจกรรมทางคณิตศาสตร์ ที่ส่งเสริมทักษะด้านความจำสำหรับผู้สูงอายุในจังหวัดพระนครศรีอยุธยา', 4, 260000, '2017-10-01', '2018-09-30'),
(8, 3, 'รูปแบบการจัดการเรียนรู้ไทยแลนด์ 4.0 ของสถานศึกษาในเขตพัฒนาเศรษฐกิจพิเศษ', 4, 325000, '2017-10-01', '2018-09-30'),
(9, 3, '  การพัฒนาสมรรถนะด้านการวัดและประเมินผลตามสภาพจริง โดยใช้กระบวนการชุมชนแห่งการเรียนรู้ทางวิชาชีพ สำหรับครูระดับประถมศึกษาสังกัดสำนักงานเขตพื้นที่การศึกษาประถมศึกษาพระนครศรีอยุธยา เขต 1 และ เขต 2', 4, 31000, '2019-01-02', '2020-01-04'),
(10, 4, 'ชุดโครงการ : การพัฒนาโมบายแอปพลิเคชันสำหรับคัดกรองเด็กอนุบาลที่เสี่ยงต่อการเป็นเด็กที่มีความต้องการพิเศษ', 3, 980000, '2018-10-01', '2019-09-30'),
(11, 4, 'การพัฒนาเกมบนโมบายแอปพลิเคชันสำหรับการพัฒนาทักษะทางด้านภาษาและการสื่อสารในเด็กออทิสติก', 3, 288000, '2018-10-01', '2019-09-30'),
(12, 5, 'การวิจัยและพัฒนาสมรรถนะครูโรงเรียนเครือข่ายร่วมพัฒนาในพื้นที่เขตพัฒนาเศรษฐกิจพิเศษ ตามแนวพระราชดำริ สมเด็จพระเทพรัตนราชสุดาฯ สยามบรมราชกุมารี ศึกษากรณี โรงเรียนตำรวจตระเวนชายแดนพีระยานุเคราะห์ 1 จังหวัดสระแก้ว', 2, 40000, '2018-11-13', '2019-11-12'),
(13, 6, 'การวิจัยและพัฒนาสมรรถนะครูคืนถิ่นให้สอดคล้องกับยุทธศาสตร์การพัฒนาครู ในท้องถิ่นภาคกลางตอนบน ของสำนักงานคณะกรรมการการอุดมศึกษา', 3, 35000, '2019-06-11', '2020-06-10'),
(14, 6, 'การพัฒนาเกมบนโมบายแอปพลิเคชันเพื่อการรู้เท่าทันสื่อเทคโนโลยีสำหรับนักเรียนระดับชั้นประถมศึกษา สังกัดเขตพื้นที่การศึกษาประถมศึกษาพระนครศรีอยุธยา', 3, 30000, '2019-06-11', '2020-06-13'),
(15, 6, 'ผลสัมฤทธิ์ทางการเรียนหลักภาษาไทยเรื่องประโยคความซ้อนแบบนามานุประโยคของนักศึกษาสาขาวิชาการสอนภาษาไทยชั้นปีที่ 2 คณะครุศาสตร์ มหาวิทยาลัยราชภัฏพระนครศรีอยุธยาที่สอน โดยใช้การวิเคราะห์โครงสร้างของนามานุประโยค', 3, 260000, '2019-06-11', '2020-06-10'),
(16, 8, 'กระบวนการแก้ปัญหาอ่านไม่ออกเขียนไม่ได้อย่างยั่งยืน กรณีศึกษาโรงเรียนตำรวจตระเวนชายแดนจังหวัดสระแก้ว สังกัดกองบัญชาการตำรวจตระเวนชายแดน 21', 2, 30000, '2019-10-01', '2020-09-30'),
(17, 8, 'การสอนลักษณะสัทสัมพันธ์ผ่านเพลงภาษาอังกฤษเพื่อพัฒนาผลสัมฤทธิ์ด้านการฟังและการออกเสียงภาษาอังกฤษ', 2, 25000, '2019-10-01', '2021-09-30'),
(18, 8, 'การพัฒนารูปแบบการสร้างชุมชนแห่งการเรียนรู้ทางวิชาชีพ สู่งานวิจัยในชั้นเรียน : วิธีการวิจัยแบบผสมผสาน', 2, 35000, '2019-10-01', '2020-09-30'),
(19, 9, 'การพัฒนาเกมบนโมบายแอปพลิเคชันเพื่อส่งเสริมทักษะการคิดเชิงคำนวณสำหรับนักเรียนระดับชั้นประถมศึกษา สังกัดเขตพื้นที่การศึกษาประถมศึกษาพระนครศรีอยุธยา', 2, 25000, '2020-04-01', '2021-03-12'),
(20, 10, 'การเสริมสร้างศักยภาพการบริหารจัดการภัยพิบัติด้วย โดรนกู้ภัย และการพัฒนานวัตกรรมด้านความมั่นคงของประเทศ', 2, 550000, '2020-03-17', '2021-03-16'),
(21, 11, 'รูปแบบหลักสูตรโรงเรียนนวัตกรรม 4.0 พื้นที่ระเบียงเศรษฐกิจพิเศษ EEC', 1, 320000, '2020-10-01', '2021-09-30'),
(22, 1, 'การเสริมสร้างพลังอำนาจเพื่อการพึ่งตนเองของผู้สูงอายุชุมชนบ้านเกาะเกิด อำเภอบางปะอิน จังหวัดพระนครศรีอยุธยา', 5, 500000, '2016-10-01', '2017-09-30'),
(23, 12, 'แรงจูงใจของนักท่องเที่ยวชาวจีนที่เดินทางเข้ามาท่องเที่ยวในอุทยานประวัติศาสตร์พระนครศรีอยุธยา จังหวัดพระนครศรีอยุธยา', 5, 0, '2017-03-13', '2018-03-12'),
(24, 12, 'กระบวนการถ่ายทอดดนตรีของปราชญ์อาวุโสในจังหวัดพระนครศรีอยุธยา', 5, 25000, '2017-03-13', '2018-03-12'),
(25, 3, 'การส่งเสริมพหุปัญญาของคน 3 ช่วงวัย ในการเรียนรู้ผ่านภูมิปัญญาใต้ถุนบ้าน', 4, 357500, '2017-10-01', '2018-09-30'),
(26, 3, 'การพัฒนาการมีส่วนร่วมในการป้องกันอาชญากรรมของประชาชนในชุมชนเทศบาลนครพระนครศรีอยุธยา อำเภอพระนครศรีอยุธยา จังหวัดพระนครศรีอยุธยา', 4, 130000, '2017-10-01', '2018-09-30'),
(27, 3, 'การศึกษาแนวทางการนำเสนอข่าวการก่อการร้ายของสื่อมวลชนในประเทศไทย', 4, 350000, '2017-10-01', '2018-09-30'),
(28, 3, 'รูปแบบการเสริมพลังอำนาจของเยาวชนต่อการอนุรักษ์แหล่งท่องเที่ยวมรดกโลกทางวัฒนธรรม : กรณีศึกษาอุทยานประวัติศาสตร์พระนครศรีอยุธยา', 4, 209000, '2017-10-01', '2018-09-30'),
(29, 13, 'การศึกษาและสำรวจสถานที่สำคัญทางประวัติศาสตร์จาก “ระยะทางเสด็จประพาสมณฑลอยุธยา” พระราชนิพนธ์ในพระบาทสมเด็จพระจุลจอมเกล้าเจ้าอยู่หัว', 4, 33000, '2018-01-02', '2019-01-02'),
(30, 4, 'รูปแบบการส่งเสริมการออมของแรงงานนอกระบบตามปรัชญาเศรษฐกิจพอเพียงในกองทุนการออมแห่งชาติ กรณีศึกษาตำบลบางนมโค อำเภอเสนา จังหวัดพระนครศรีอยุธยา', 3, 119000, '2018-10-01', '2019-09-30'),
(31, 5, 'การพัฒนาคุณภาพเครื่องดนตรีไทย ของช่างทำเครื่องดนตรีอาวุโสในจังหวัดพระนครศรีอยุธยาและจังหวัดอ่างทอง', 3, 30000, '2018-11-13', '2019-11-12'),
(32, 5, 'ประวัติศาสตร์ท้องถิ่นอำเภอวิเศษชัยชาญ จังหวัดอ่างทองพ.ศ.2451 - 2561', 3, 35000, '2018-11-13', '2019-11-12'),
(33, 6, 'การพัฒนาทักษะการพูดภาษาจีน สำหรับการเป็นยุวมัคคุเทศน์ในมหาวิทยาลัยราชภัฏพระนครศรีอยุธยาและอุทยานประวัติศาสตร์พระนครศรีอยุธยา ของนักศึกษาโดยใช้โปรแกรมการฝึกอบรมแบบเน้นปฎิบัติ', 3, 30000, '2019-06-11', '2020-06-10'),
(34, 6, 'การบูรณาการแผนยุทธศาสตร์ขององค์กรปกครองท้องถิ่นเพื่อการจัดระบบการจราจรบริเวณแหล่งท่องเที่ยวมรดกโลกในจังหวัดพระนครศรีอยุธยา', 3, 40000, '2019-06-11', '2020-06-10'),
(35, 6, 'ความเป็นพหุสังคมอยุธยากับวัฒนธรรมอาหารเพื่อการท่องเที่ยวตามรอยเสด็จประพาสต้นพื้นที่จังหวัดพระนครศรีอยุธยา', 3, 30000, '2019-06-11', '2020-06-12'),
(36, 8, 'สภาพท้องถิ่นไทยในสมัยรัชกาลที่ 5 จากพระราชหัตถเลขาในพระบาทสมเด็จพระจุลจอมเกล้าเจ้าอยู่หัวเรื่อง เสด็จประพาสลำน้ำมะขามเฒ่า', 2, 30000, '2019-10-01', '2020-09-30'),
(37, 8, 'อัตลักษณ์เพลงหน้าพาทย์: ประพันธ์โดยครูสำราญ เกิดผล', 2, 25000, '2019-10-01', '2020-09-30'),
(38, 8, 'อิหม่ามกับการประนีประนอมข้อพิพาทด้วยกฎหมายอิสลาม: กลุ่มมุสลิม คลองตะเคียน สำเภาล่ม จังหวัดพระนครศรีอยุธยา', 2, 30000, '2019-10-01', '2020-09-30'),
(39, 8, 'การบริหารจัดการเมืองที่เป็นมิตรกับผู้สูงอายุผ่านกลไกภาครัฐในการส่งเสริมศักยภาพของผู้สูงอายุในการพัฒนาชุมชน: กรณีศึกษาจังหวัดพระนครศรีอยุธยา', 2, 35000, '2019-10-01', '2020-09-30'),
(40, 14, 'การเสริมสุขภาวะและพัฒนาศักยภาพประชาชนในพื้นที่น้ำท่วมเชิงบูรณาการตามแนวประชารัฐ', 2, 1450000, '2020-03-01', '2021-02-28'),
(41, 16, 'การพัฒนาทักษะการสื่อสารภาษาอังกฤษเพื่อการนำเที่ยวในจังหวัดพระนครศรีอยุธยา โดยใช้บทเรียนโปรแกรมผ่านสื่อดิจิทัล', 1, 33000, '2021-10-01', '2022-09-30'),
(42, 17, 'บทบาทของศาลเจ้ากับชุมชนชาวไทยเชื้อสายจีนในจังหวัดอ่างทอง', 1, 25000, '2021-04-01', '2021-03-12'),
(43, 17, 'การสร้างคลังข้อมูลการเขียนตัวอักษรจีนผิดของนักศึกษาไทย ระดับอุดมศึกษา ในกลุ่มมหาวิทยาลัยราชภัฏภาคกลาง', 1, 35000, '2021-04-01', '2022-03-12'),
(44, 17, 'รูปแบบการจัดบริการสนับสนุนการเรียนการสอนสะเต็มศึกษาสำหรับห้องสมุดโรงเรียนมัธยมศึกษาในประเทศไทย', 1, 35000, '2021-04-01', '2022-03-12'),
(45, 12, 'พฤติกรรมและแรงจูงใจของนักท่องเที่ยวที่เดินทางมาท่องเที่ยวในจังหวัดพระนครศรีอยุธยา', 5, 25000, '2017-03-13', '2018-03-12'),
(46, 2, 'แนวทางการส่งเสริมธุรกิจการท่องเที่ยวสีเขียวอยุธยามรดกโลก:การศึกษารูปแบบการจัดการโรงแรมสีเขียว กรณีศึกษา โรงแรมกรุงศรีริเวอร์ จังหวัดพระนครศรีอยุธยา', 5, 30000, '2017-06-02', '2018-06-01'),
(47, 3, 'กระบวนการทางการตลาดเพื่อนำมาประยุกต์ใช้กับการออกแบบลายผ้าและเพิ่มมูลค่าผลิตภัณฑ์ประเภทของใช้ของตกแต่งและของที่ระลึกจากผ้าขาวม้า เพื่อจำหน่ายตลาดเฉพาะและตลาดอาเซียน ของผู้ประกอบการวิสาหกิจชุมชนผ้าทอมือ จังหวัดพระนครศรีอยุธยา', 4, 325000, '2017-10-01', '2018-09-30'),
(48, 3, 'การวิจัยปฏิบัติการเพื่อสนับสนุนการขับเคลื่อนเศรษฐกิจพอเพียงในเขตพื้นที่ปกครองขององค์การบริหารส่วนตำบลหนองไม้ซุง โดยการมีส่วนร่วมของวัดหนองไม้ซุง องค์การบริหารส่วนตำบลหนองไม้ซุง และสำนักงานพัฒนาชุมชนอำเภออุทัย จังหวัดพระนครศรีอยุธยา .', 4, 325000, '2017-10-01', '2018-09-30'),
(49, 3, 'การศึกษาสาเหตุการเกิดอุบัติเหตุในการขนส่งทางน้ำ ลุ่มแม่น้ำเจ้าพระยา', 4, 325000, '2017-10-01', '2018-09-30'),
(50, 13, 'แนวทางการพัฒนาพื้นที่ท่องเที่ยวในอำเภอพระนครศรีอยุธยาเพื่อให้สอดคล้องกับความต้องการของนักท่องเที่ยวชาวญี่ปุ่น', 4, 33000, '2018-01-02', '2019-01-04'),
(51, 13, 'อุปสงค์ที่มีต่อการบริโภคอาหารคลีนของประชาชนในจังหวัดพระนครศรีอยุธยา', 4, 37000, '2018-01-02', '2019-01-04'),
(52, 4, 'ผลกระทบของเพลี้ยกระโดดสีน้ำตาลระบาดต่อประสิทธิภาพทางเศรษฐกิจของการปลูกข้าวแบบเกษตรเคมี และเกษตรอินทรีย์', 3, 99000, '2018-10-01', '2019-09-30'),
(53, 6, 'การจัดการด้านการเงินในผู้ประกอบธุรกิจท่องเที่ยวในเขตมรดกโลก จังหวัดพระนครศรีอยุธยา', 3, 25000, '2019-06-11', '2020-06-10'),
(54, 9, 'การวิเคราะห์การออมเงินของผู้ใช้แรงงานในอุตสาหกรรมจังหวัดพระนครศรีอยุธยา', 2, 25000, '2020-04-01', '2021-03-12'),
(55, 9, 'การศึกษาศักยภาพและสร้างรูปแบบเส้นทางการท่องเที่ยวชุมชน แขวงเมืองวิเศษชัยชาญ จังหวัดอ่างทอง', 2, 30000, '2020-04-01', '2021-03-12'),
(56, 11, 'เสน่ห์วิถีไทยกรุงเก่า: นวัตกรรมการพัฒนาและเพิ่มมูลค่าการท่องเที่ยวสัมผัสเสน่ห์วิถีชีวิตเมืองกรุงเก่า จังหวัดพระนครศรีอยุธยา', 1, 1600000, '2020-10-01', '2021-09-30'),
(57, 16, 'การนำบัญชีบริหารมาประยุกต์ใช้ในการวางแผนธุรกิจชุมชน โครงการหนึ่งตำบลหนึ่งผลิตภัณฑ์ในจังหวัดพระนครศรีอยุธยา กรณีศึกษา หมวดสินค้าประเภท ผ้า เครื่องแต่งกาย และของใช้ ประดับ ตกแต่ง', 1, 25000, '2021-10-01', '2022-09-30'),
(58, 17, 'แนวทางการปรับตัวของธุรกิจอุตสาหกรรมโลจิสติกส์ท่องเที่ยวเชิงวัฒนธรรมในอุทยานประวัติศาสตร์พระนครศรีอยุธยาภายใต้สภาวะวิกฤต', 1, 25000, '2021-04-01', '2022-03-12'),
(59, 17, 'นวัตกรรมการจัดการการท่องเที่ยวเชิงประวัติศาสตร์ : 117 ปี ประพาสต้นนครน้อยของพระพุทธเจ้าหลวง', 1, 25000, '2021-04-01', '2022-03-12'),
(60, 1, 'การเปรียบเทียบความหลากหลายของจุลินทรีย์ที่แยกจากโบราณสถานในวัดใหญ่ชัยมงคลจังหวัดพระนครศรีอยุธยา', 5, 450000, '2016-10-01', '2017-09-30'),
(61, 1, 'การเปรียบเทียบปัจจัยความสัมพันธ์เชิงสาเหตุของความเครียดในการทำงานระหว่างกลุ่มแรงงานไทยข้ามถิ่นที่มีและไม่มีบุพพาการีสูงอายุที่ต้องดูแล', 5, 450000, '2016-10-01', '2018-09-30'),
(62, 1, 'การใช้ประโยชน์จากแบคทีเรียกลุ่ม Bacillus เพื่อการควบคุมโรคเหี่ยวเหลือง และส่งเสริมการเจริญของมะเขือเทศ', 5, 500000, '2016-10-01', '2017-09-30'),
(63, 1, 'การเพิ่มการผลิตกรดอีโคซะเพนตะอีโนอิกในมอส Physcomitrella patens โดยการแสดงออกร่วมกันของยีน Saprolegnia diclina?17-desaturase และ Micromonas pusillaacyl-CoA ?6-desaturase', 5, 500000, '2016-10-01', '2017-09-30'),
(64, 1, 'การใช้ประโยชน์จากข้าวมีสีของไทยในการพัฒนาผลิตภัณฑ์อาหารจากปลาส้ม', 5, 450000, '2016-10-01', '2017-09-30'),
(65, 3, 'การประยุกต์ใช้แบคทีเรียสร้างแบคทีเรียสร้างสารแกมมาพอลิกลูตาเมตในเพาะปลูกพืช', 4, 400000, '2017-10-01', '2018-09-30'),
(66, 3, 'การพัฒนาอิฐมอญโปร่งแสง', 4, 300000, '2017-10-01', '2018-09-30'),
(67, 3, 'ผลกระทบจากการเพาะเลี้ยงปลาในกระชังต่อคุณภาพน้ำและความหลากหลายทางชีวภาพของสัตว์ไม่มีกระดูกสันหลังขนาดใหญ่หน้าดินในแม่น้ำน้อย จังหวัดพระนครศรีอยุธยา', 4, 300000, '2017-10-01', '2018-09-30'),
(68, 13, 'กะทิ: หุ่นยนต์จ่ายยาสำหรับผู้ป่วยและผู้พิการทางสายตา', 4, 42000, '2018-01-02', '2019-01-04'),
(69, 13, 'การศึกษาประสิทธิภาพการผลิตไบโอเอทานอลจากเปลือกกล้วยน้ำว้าโดยเชื้อ Pichia stipitis', 4, 42000, '2018-01-02', '2019-01-04'),
(70, 5, 'การตอบสนองต่อสังกะสีของถั่วเขียว 2 สายพันธุ์ที่ปลูกในชุดดินอยุธยา', 3, 40000, '2018-11-13', '2019-11-12'),
(71, 5, 'การพัฒนาผลิตภัณฑ์ขนมช่อโสนเสริมเส้นใยอาหารจากอัลบิโด', 3, 40000, '2018-11-13', '2019-11-12'),
(72, 5, 'สภาวะทรัพยากรหอยน้ำจืด การอนุรักษ์และการใช้ประโยชน์อย่างยั่งยืน ในคลองขนมจีน จังหวัดพระนครศรีอยุธยา', 3, 40000, '2018-11-13', '2019-11-12'),
(73, 6, 'การเปรียบเทียบประสิทธิภาพระหว่างปุ๋ยอินทรีย์มูลไส้เดือนและปุ๋ยอินทรีย์ผักตบชวาเพื่อเพิ่มผลผลิตข้าวหอมปทุมที่ปลูกในดินพื้นที่จังหวัดพระนครศรีอยุธยา', 3, 40000, '2019-06-11', '2020-06-10'),
(74, 6, 'ความหลากชนิดของสัตว์น้ำเศรษฐกิจและนิเวศวิทยาทางน้ำ เพื่อกำหนดแนวทาง การอนุรักษ์และการใช้ประโยชน์อย่างยั่งยืนในคลองจิก อำเภอบางปะอิน จังหวัดพระนครศรีอยุธยา', 3, 40000, '2019-06-11', '2020-06-10'),
(75, 8, 'ผลของแคลเซียมคาร์บอเนตต่อความเป็นประโยชน์ของฟอสฟอรัสและการตอบสนองต่อข้าวหอมปทุมที่ปลูกในจังหวัดพระนครศรีอยุธยา', 2, 45000, '2019-10-01', '2020-09-30'),
(76, 8, 'การพัฒนาชาใบจิกสมุนไพรอย่างมีส่วนร่วมกับวิสาหกิจชุมชน ตำบลคลองจิก อำเภอบางปะอิน จังหวัดพระนครศรีอยุธยา', 2, 45000, '2019-10-01', '2020-09-30'),
(77, 5, 'การพัฒนาไอศกรีมช็อกโกแลตไขมันต่ำเสริมอินนูลินจากแก่นตะวัน', 2, 35000, '2019-10-01', '2020-09-30'),
(78, 9, 'การพัฒนาผลิตภัณฑ์อาหารเชิงสร้างสรรค์จากบัวสายเพื่อเพิ่มความหลากหลายของผลิตภัณฑ์ชุมชนของชุมชนท่องเที่ยว OTOP นวัตวิถี “ทุ่งบัวแดง” บ้านคลองทราย ตำบลคลองจิก อำเภอบางปะอิน จังหวัดพระนครศรีอยุธยา', 2, 27500, '2020-04-01', '2021-03-12'),
(79, 9, 'การพัฒนาผลิตภัณฑ์ขนมสายบัวพลังงานต่ำด้วยซูคราโลส กะทิธัญพืชและสายบัวแดง', 2, 27500, '2020-04-01', '2021-03-12'),
(80, 11, 'กระบวนการเรียนรู้แบบมีส่วนร่วมในการลดพฤติกรรมเสี่ยงจากการใช้สารเคมีกำจัดศัตรูพืชของผู้รับจ้างฉีดสารกำจัดศัตรูพืช ตำบลคลองจิก อำเภอบางปะอิน จังหวัดพระนครศรีอยุธยา', 1, 160000, '2020-10-01', '2021-09-30'),
(81, 11, 'การบูรณาการนวัตกรรมปุ๋ยสั่งตัดร่วมกับการจัดระบบเขตกรรมการปลูกข้าวหอม: กรณีศึกษาพื้นที่ตำบลกระแชง อำเภอบางไทร จังหวัดพระนครศรีอยุธยา', 1, 360000, '2020-10-01', '2021-09-30'),
(82, 11, 'ปัจจัยที่มีผลต่อการยอมรับเทคโนโลยีการผลิตกล้วยตามหลักเกษตรที่ดีและเหมาะสม (GAP) ของเกษตรกรในเขตภาคกลางตอนบน', 1, 340000, '2020-10-01', '2021-09-30'),
(83, 11, 'นวัตกรรมการแปรรูปผลิตภัณฑ์อาหารคุณค่าทางโภชนาการสูงจากข้าวมีสีพันธุ์พื้นเมืองของไทยเพื่อเพิ่มมูลค่า และส่งเสริมสุขภาพของผู้บริโภควัยสูงอายุ', 1, 400000, '2020-10-01', '2021-09-30'),
(84, 11, 'อิฐไมซีเลียมวัสดุสีเขียวสำหรับการอนุรักษ์สิ่งแวดล้อมที่ยั่งยืน', 1, 400000, '2020-10-01', '2021-09-30');

-- --------------------------------------------------------

--
-- Table structure for table `sourceoffunds`
--

CREATE TABLE `sourceoffunds` (
  `SourceOfFund_id` int(5) NOT NULL,
  `FundType_id` int(5) NOT NULL,
  `NameFu` varchar(50) CHARACTER SET utf8 COLLATE utf8_unicode_ci NOT NULL
) ENGINE=InnoDB DEFAULT CHARSET=utf8 COLLATE=utf8_unicode_ci;

--
-- Dumping data for table `sourceoffunds`
--

INSERT INTO `sourceoffunds` (`SourceOfFund_id`, `FundType_id`, `NameFu`) VALUES
(1, 1, 'มหาวิทยาลัยผ่านวช.ปี 60'),
(2, 1, 'กองทุนวิจัยปี 60 ครั้งที่ 2'),
(3, 1, 'มหาวิทยาลัยผ่านวช.ปี 61'),
(4, 1, 'มหาวิทยาลัยผ่านวช.ปี 62'),
(5, 1, ' กองทุนวิจัยปี 62 ครั้งที่ 1'),
(6, 1, 'กองทุนวิจัยปี 62 ครั้งที่ 2'),
(8, 1, ' กองทุนวิจัยปี 63 ครั้งที่ 1'),
(9, 1, ' กองทุนวิจัยปี 63 ครั้งที่ 2'),
(10, 1, 'มหาวิทยาลัยผ่านวช.ปี 63'),
(11, 1, 'ทุน ววน. ปี 64'),
(12, 1, 'กองทุนวิจัยปี 60 ครั้งที่ 1'),
(13, 1, 'กองทุนวิจัยปี 61 ครั้งที่ 1'),
(14, 1, 'ทุน ววน. ปี 63'),
(16, 1, 'กองทุนวิจัยปี 64 ครั้งที่ 1'),
(17, 1, 'กองทุนวิจัยปี 64 ครั้งที่ 2');

-- --------------------------------------------------------

--
-- Table structure for table `subdivision`
--

CREATE TABLE `subdivision` (
  `SubDivision_id` int(5) NOT NULL,
  `MainAgency_id` int(5) NOT NULL,
  `degree_id` int(5) NOT NULL,
  `NameDivision` varchar(50) CHARACTER SET utf8 COLLATE utf8_unicode_ci NOT NULL
) ENGINE=InnoDB DEFAULT CHARSET=utf8 COLLATE=utf8_unicode_ci;

--
-- Dumping data for table `subdivision`
--

INSERT INTO `subdivision` (`SubDivision_id`, `MainAgency_id`, `degree_id`, `NameDivision`) VALUES
(101, 1, 1, 'สาขาคณิตศาสตร์'),
(102, 1, 1, 'สาขาวิทยาศาสตร์'),
(103, 1, 1, 'สาขาสังคมศึกษา'),
(104, 1, 1, 'สาขาการศึกษาปฐมวัย'),
(105, 1, 1, 'สาขาคอมพิวเตอร์ศึกษา'),
(106, 1, 1, 'สาขาพลศึกษา'),
(107, 1, 1, 'สาขาการสอนภาษาไทย'),
(108, 1, 1, 'สาขาการสอนภาษาอังกฤษ'),
(109, 1, 1, 'สาขาการประถมศึกษา'),
(110, 1, 1, 'สาขาการศึกษาพิเศษ'),
(111, 1, 1, 'กลุ่มวิชาชีพครู'),
(112, 1, 2, 'ดุษฎีบัณฑิต การบริหารการศึกษา'),
(113, 1, 2, 'มหาบัณฑิต หลักสูตรและการสอน'),
(114, 1, 2, 'มหาบัณฑิต การบริหารการศึกษา'),
(115, 1, 2, 'ประกาศนียบัตรบัณฑิตวิชาชีพครู'),
(201, 2, 5, 'สาขาภาษาอังกฤษ'),
(202, 2, 5, 'สาขาภาษาญี่ปุ่น'),
(203, 2, 5, 'สาขาภาษาไทย'),
(204, 2, 5, 'สาขาศิลปะการแสดง'),
(205, 2, 5, 'สาขาดนตรีสากล'),
(206, 2, 5, 'สาขาประยุกต์ศิลป์'),
(207, 2, 5, 'สาขาสหวิทยาการอิสลามเพื่อการพัฒนา'),
(208, 2, 5, 'สาขาการสอนภาษาจีน'),
(209, 2, 5, 'สาขาดนตรีศึกษา'),
(210, 2, 5, 'สาขารัฐประศาสนศาสตร์'),
(211, 2, 5, 'สาขาการพัฒนาชุมชนและสังคม'),
(212, 2, 5, 'สาขานิเทศศาสตร์'),
(213, 2, 5, 'สาขานิติศาสตร์'),
(214, 2, 5, 'สาขาประวัติศาสตร์'),
(215, 2, 5, 'สาขาการปกครองท้องถิ่น'),
(216, 2, 5, 'สาขาภูมิศาสตร์'),
(217, 2, 5, 'สาขาปรัชญาและศาสนา'),
(218, 2, 5, 'สาขาบรรณารักษศาสตร์'),
(301, 3, 6, 'สาขาเคมี'),
(302, 3, 6, 'สาขาวิทยาการคอมพิวเตอร์'),
(303, 3, 6, 'สาขาจุลชีววิทยา'),
(304, 3, 6, 'สาขาคณิตศาตร์'),
(305, 3, 6, 'สาขาเทคโนโลยีสารสนเทศ'),
(306, 3, 6, 'สาขาฟิสิกส์'),
(307, 3, 6, 'สาขาวิทยาศาสตร์สิ่งแวดล้อม'),
(308, 3, 6, 'สาขาเกษตรศาสตร์'),
(309, 3, 6, 'สาขาวิทยาศาตร์และเทคโนโลยีการอาหาร'),
(310, 3, 6, 'สาขาอาชีวอนามัยและความปลอดภัย'),
(311, 3, 6, 'สาขาวิศวกรรมไฟฟ้า'),
(312, 3, 6, 'สาขาเทคโนโลยีอุตสาหกรรม'),
(313, 3, 6, 'สาขาคหกรรมศาสตร์'),
(314, 3, 6, 'สาขาเทคโนโลยีการผลิตพืช'),
(315, 3, 6, 'สาขาวิศวกรรมการจัดการ'),
(316, 3, 6, 'สาขาสาธารณสุขศาสตร์'),
(401, 4, 4, 'การบัญชี'),
(402, 4, 4, 'การจัดการ'),
(403, 4, 4, 'การบริหารทรัพยากรมนุษย์'),
(404, 4, 4, 'การตลาด'),
(405, 4, 4, 'คอมพิวเตอร์ธุรกิจ'),
(406, 4, 4, 'การจัดการโลจิสติกส์และซัพพลายเชน'),
(407, 4, 4, 'การท่องเที่ยว'),
(408, 4, 4, 'ธุรกิจระหว่างประเทศ'),
(409, 4, 4, 'การเป็นผู้ประกอบการ'),
(410, 4, 4, 'เศรษฐศาสตร์การเงินการธนาคาร'),
(411, 4, 4, 'การจัดการธุรกิจโรงแรม (หลักสูตรภาษาอังกฤษ)'),
(412, 4, 4, 'การจัดการธุรกิจการค้าสมัยใหม่'),
(413, 4, 4, 'บริหารธุรกิจ (MBA)'),
(414, 4, 4, 'การจัดการธุรกิจชุมชน');

-- --------------------------------------------------------

--
-- Table structure for table `yearbudget`
--

CREATE TABLE `yearbudget` (
  `yearbudget_id` int(5) NOT NULL,
  `YearB` varchar(5) CHARACTER SET utf8 COLLATE utf8_unicode_ci NOT NULL
) ENGINE=InnoDB DEFAULT CHARSET=utf8 COLLATE=utf8_unicode_ci;

--
-- Dumping data for table `yearbudget`
--

INSERT INTO `yearbudget` (`yearbudget_id`, `YearB`) VALUES
(1, '2564'),
(2, '2563'),
(3, '2562'),
(4, '2561'),
(5, '2560'),
(6, '2559'),
(7, '2558'),
(8, '2557'),
(9, '2556'),
(10, '2555');

-- --------------------------------------------------------

--
-- Table structure for table `yearpublication`
--

CREATE TABLE `yearpublication` (
  `yearpublication_id` int(5) NOT NULL,
  `YearP` varchar(5) CHARACTER SET utf8 COLLATE utf8_unicode_ci NOT NULL
) ENGINE=InnoDB DEFAULT CHARSET=utf8 COLLATE=utf8_unicode_ci;

--
-- Dumping data for table `yearpublication`
--

INSERT INTO `yearpublication` (`yearpublication_id`, `YearP`) VALUES
(1, '2564'),
(2, '2563'),
(3, '2562'),
(4, '2561'),
(5, '2560'),
(6, '2559'),
(7, '2558'),
(8, '2557'),
(9, '2556'),
(10, '2555');

--
-- Indexes for dumped tables
--

--
-- Indexes for table `announce`
--
ALTER TABLE `announce`
  ADD PRIMARY KEY (`Announce_id`),
  ADD KEY `Personnel_id` (`Personnel_id`);

--
-- Indexes for table `degree`
--
ALTER TABLE `degree`
  ADD PRIMARY KEY (`degree_id`),
  ADD KEY `MainAgency_id` (`MainAgency_id`);

--
-- Indexes for table `doresearch`
--
ALTER TABLE `doresearch`
  ADD PRIMARY KEY (`DoResearch_id`) USING BTREE,
  ADD KEY `Personnel_id` (`Personnel_id`) USING BTREE,
  ADD KEY `Research_id` (`Research_id`) USING BTREE;

--
-- Indexes for table `fundtype`
--
ALTER TABLE `fundtype`
  ADD PRIMARY KEY (`FundType_id`);

--
-- Indexes for table `grouptype`
--
ALTER TABLE `grouptype`
  ADD PRIMARY KEY (`grouptype_id`),
  ADD KEY `Releasetype_id` (`Releasetype_id`);

--
-- Indexes for table `logins`
--
ALTER TABLE `logins`
  ADD PRIMARY KEY (`login_id`);

--
-- Indexes for table `mainagency`
--
ALTER TABLE `mainagency`
  ADD PRIMARY KEY (`MainAgency_id`);

--
-- Indexes for table `paper`
--
ALTER TABLE `paper`
  ADD PRIMARY KEY (`paper_id`),
  ADD KEY `Research_id` (`Research_id`),
  ADD KEY `yearbudget_id` (`yearpublication_id`);

--
-- Indexes for table `personnel`
--
ALTER TABLE `personnel`
  ADD PRIMARY KEY (`Personnel_id`),
  ADD KEY `PersonType_id` (`PersonType_id`),
  ADD KEY `SubDivision_id` (`SubDivision_id`),
  ADD KEY `login_id` (`login_id`),
  ADD KEY `Position_id` (`Position_id`),
  ADD KEY `degree_id` (`degree_id`);

--
-- Indexes for table `personneltype`
--
ALTER TABLE `personneltype`
  ADD PRIMARY KEY (`PersonType_id`);

--
-- Indexes for table `position`
--
ALTER TABLE `position`
  ADD PRIMARY KEY (`Position_id`);

--
-- Indexes for table `publication`
--
ALTER TABLE `publication`
  ADD PRIMARY KEY (`Publication_id`),
  ADD KEY `Publishingsource_id` (`Publishingsource_id`),
  ADD KEY `Research_id` (`Research_id`),
  ADD KEY `paper_id` (`paper_id`);

--
-- Indexes for table `publishingsource`
--
ALTER TABLE `publishingsource`
  ADD PRIMARY KEY (`Publishingsource_id`),
  ADD KEY `Releasetype_id` (`grouptype_id`),
  ADD KEY `yearpublication_id` (`yearpublication_id`);

--
-- Indexes for table `releasetype`
--
ALTER TABLE `releasetype`
  ADD PRIMARY KEY (`Releasetype_id`);

--
-- Indexes for table `researches`
--
ALTER TABLE `researches`
  ADD PRIMARY KEY (`Research_id`),
  ADD KEY `SourceOfFund_id` (`SourceOfFund_id`),
  ADD KEY `yearbudget_id` (`yearbudget_id`);

--
-- Indexes for table `sourceoffunds`
--
ALTER TABLE `sourceoffunds`
  ADD PRIMARY KEY (`SourceOfFund_id`),
  ADD KEY `FundType_id` (`FundType_id`);

--
-- Indexes for table `subdivision`
--
ALTER TABLE `subdivision`
  ADD PRIMARY KEY (`SubDivision_id`),
  ADD KEY `MainAgency_id` (`MainAgency_id`),
  ADD KEY `degree_id` (`degree_id`);

--
-- Indexes for table `yearbudget`
--
ALTER TABLE `yearbudget`
  ADD PRIMARY KEY (`yearbudget_id`);

--
-- Indexes for table `yearpublication`
--
ALTER TABLE `yearpublication`
  ADD PRIMARY KEY (`yearpublication_id`);

--
-- AUTO_INCREMENT for dumped tables
--

--
-- AUTO_INCREMENT for table `announce`
--
ALTER TABLE `announce`
  MODIFY `Announce_id` int(5) NOT NULL AUTO_INCREMENT;

--
-- AUTO_INCREMENT for table `doresearch`
--
ALTER TABLE `doresearch`
  MODIFY `DoResearch_id` int(5) NOT NULL AUTO_INCREMENT, AUTO_INCREMENT=85;

--
-- AUTO_INCREMENT for table `logins`
--
ALTER TABLE `logins`
  MODIFY `login_id` int(5) NOT NULL AUTO_INCREMENT, AUTO_INCREMENT=7;

--
-- AUTO_INCREMENT for table `mainagency`
--
ALTER TABLE `mainagency`
  MODIFY `MainAgency_id` int(5) NOT NULL AUTO_INCREMENT, AUTO_INCREMENT=9;

--
-- AUTO_INCREMENT for table `paper`
--
ALTER TABLE `paper`
  MODIFY `paper_id` int(5) NOT NULL AUTO_INCREMENT, AUTO_INCREMENT=9;

--
-- AUTO_INCREMENT for table `personnel`
--
ALTER TABLE `personnel`
  MODIFY `Personnel_id` int(5) NOT NULL AUTO_INCREMENT, AUTO_INCREMENT=65;

--
-- AUTO_INCREMENT for table `personneltype`
--
ALTER TABLE `personneltype`
  MODIFY `PersonType_id` int(11) NOT NULL AUTO_INCREMENT, AUTO_INCREMENT=3;

--
-- AUTO_INCREMENT for table `publication`
--
ALTER TABLE `publication`
  MODIFY `Publication_id` int(5) NOT NULL AUTO_INCREMENT, AUTO_INCREMENT=9;

--
-- AUTO_INCREMENT for table `publishingsource`
--
ALTER TABLE `publishingsource`
  MODIFY `Publishingsource_id` int(5) NOT NULL AUTO_INCREMENT, AUTO_INCREMENT=9;

--
-- AUTO_INCREMENT for table `releasetype`
--
ALTER TABLE `releasetype`
  MODIFY `Releasetype_id` int(5) NOT NULL AUTO_INCREMENT, AUTO_INCREMENT=8;

--
-- AUTO_INCREMENT for table `researches`
--
ALTER TABLE `researches`
  MODIFY `Research_id` int(5) NOT NULL AUTO_INCREMENT, AUTO_INCREMENT=85;

--
-- AUTO_INCREMENT for table `sourceoffunds`
--
ALTER TABLE `sourceoffunds`
  MODIFY `SourceOfFund_id` int(5) NOT NULL AUTO_INCREMENT, AUTO_INCREMENT=18;

--
-- AUTO_INCREMENT for table `subdivision`
--
ALTER TABLE `subdivision`
  MODIFY `SubDivision_id` int(5) NOT NULL AUTO_INCREMENT, AUTO_INCREMENT=428;
COMMIT;

/*!40101 SET CHARACTER_SET_CLIENT=@OLD_CHARACTER_SET_CLIENT */;
/*!40101 SET CHARACTER_SET_RESULTS=@OLD_CHARACTER_SET_RESULTS */;
/*!40101 SET COLLATION_CONNECTION=@OLD_COLLATION_CONNECTION */;
